INSERT INTO muscles (id, name, code, parent_id, muscle_level, sort_order, is_active, created_at, updated_at) VALUES
    (1, '胸大肌', 'pectoralis_major', NULL, 'group', 10, 1, CURRENT_TIMESTAMP(3), CURRENT_TIMESTAMP(3)),
    (2, '胸大肌上沿', 'pectoralis_major_upper', 1, 'subgroup', 11, 1, CURRENT_TIMESTAMP(3), CURRENT_TIMESTAMP(3)),
    (3, '胸大肌中部', 'pectoralis_major_middle', 1, 'subgroup', 12, 1, CURRENT_TIMESTAMP(3), CURRENT_TIMESTAMP(3)),
    (4, '胸大肌下沿', 'pectoralis_major_lower', 1, 'subgroup', 13, 1, CURRENT_TIMESTAMP(3), CURRENT_TIMESTAMP(3)),
    (5, '背部', 'back', NULL, 'group', 20, 1, CURRENT_TIMESTAMP(3), CURRENT_TIMESTAMP(3)),
    (6, '背阔肌', 'latissimus_dorsi', 5, 'subgroup', 21, 1, CURRENT_TIMESTAMP(3), CURRENT_TIMESTAMP(3)),
    (7, '斜方肌', 'trapezius', 5, 'subgroup', 22, 1, CURRENT_TIMESTAMP(3), CURRENT_TIMESTAMP(3)),
    (8, '菱形肌', 'rhomboids', 5, 'subgroup', 23, 1, CURRENT_TIMESTAMP(3), CURRENT_TIMESTAMP(3)),
    (9, '三角肌', 'deltoid', NULL, 'group', 30, 1, CURRENT_TIMESTAMP(3), CURRENT_TIMESTAMP(3)),
    (10, '三角肌前束', 'deltoid_front', 9, 'subgroup', 31, 1, CURRENT_TIMESTAMP(3), CURRENT_TIMESTAMP(3)),
    (11, '三角肌中束', 'deltoid_middle', 9, 'subgroup', 32, 1, CURRENT_TIMESTAMP(3), CURRENT_TIMESTAMP(3)),
    (12, '三角肌后束', 'deltoid_rear', 9, 'subgroup', 33, 1, CURRENT_TIMESTAMP(3), CURRENT_TIMESTAMP(3)),
    (13, '肱二头肌', 'biceps_brachii', NULL, 'group', 40, 1, CURRENT_TIMESTAMP(3), CURRENT_TIMESTAMP(3)),
    (14, '肱三头肌', 'triceps_brachii', NULL, 'group', 50, 1, CURRENT_TIMESTAMP(3), CURRENT_TIMESTAMP(3)),
    (15, '前臂', 'forearm', NULL, 'group', 60, 1, CURRENT_TIMESTAMP(3), CURRENT_TIMESTAMP(3)),
    (16, '核心', 'core', NULL, 'group', 70, 1, CURRENT_TIMESTAMP(3), CURRENT_TIMESTAMP(3)),
    (17, '腹直肌', 'rectus_abdominis', 16, 'subgroup', 71, 1, CURRENT_TIMESTAMP(3), CURRENT_TIMESTAMP(3)),
    (18, '腹斜肌', 'obliques', 16, 'subgroup', 72, 1, CURRENT_TIMESTAMP(3), CURRENT_TIMESTAMP(3)),
    (19, '竖脊肌', 'erector_spinae', 16, 'subgroup', 73, 1, CURRENT_TIMESTAMP(3), CURRENT_TIMESTAMP(3)),
    (20, '臀部', 'glutes', NULL, 'group', 80, 1, CURRENT_TIMESTAMP(3), CURRENT_TIMESTAMP(3)),
    (21, '臀大肌', 'gluteus_maximus', 20, 'subgroup', 81, 1, CURRENT_TIMESTAMP(3), CURRENT_TIMESTAMP(3)),
    (22, '臀中肌', 'gluteus_medius', 20, 'subgroup', 82, 1, CURRENT_TIMESTAMP(3), CURRENT_TIMESTAMP(3)),
    (23, '腿部', 'legs', NULL, 'group', 90, 1, CURRENT_TIMESTAMP(3), CURRENT_TIMESTAMP(3)),
    (24, '股四头肌', 'quadriceps', 23, 'subgroup', 91, 1, CURRENT_TIMESTAMP(3), CURRENT_TIMESTAMP(3)),
    (25, '腘绳肌', 'hamstrings', 23, 'subgroup', 92, 1, CURRENT_TIMESTAMP(3), CURRENT_TIMESTAMP(3)),
    (26, '内收肌', 'adductors', 23, 'subgroup', 93, 1, CURRENT_TIMESTAMP(3), CURRENT_TIMESTAMP(3)),
    (27, '小腿', 'calves', NULL, 'group', 100, 1, CURRENT_TIMESTAMP(3), CURRENT_TIMESTAMP(3)),
    (28, '腓肠肌', 'gastrocnemius', 27, 'subgroup', 101, 1, CURRENT_TIMESTAMP(3), CURRENT_TIMESTAMP(3)),
    (29, '比目鱼肌', 'soleus', 27, 'subgroup', 102, 1, CURRENT_TIMESTAMP(3), CURRENT_TIMESTAMP(3)),
    (30, '心肺', 'cardio', NULL, 'group', 110, 1, CURRENT_TIMESTAMP(3), CURRENT_TIMESTAMP(3));

INSERT INTO equipments (id, name, scene_type, description, is_active, created_at, updated_at) VALUES
    (1, '自重', 'both', '无需额外器械，依靠自身重量完成动作', 1, CURRENT_TIMESTAMP(3), CURRENT_TIMESTAMP(3)),
    (2, '哑铃', 'both', '适用于多种推拉和下肢训练动作', 1, CURRENT_TIMESTAMP(3), CURRENT_TIMESTAMP(3)),
    (3, '杠铃', 'gym', '适用于卧推、深蹲、硬拉等复合动作', 1, CURRENT_TIMESTAMP(3), CURRENT_TIMESTAMP(3)),
    (4, '卧推凳', 'gym', '用于卧推、哑铃推举等动作支撑', 1, CURRENT_TIMESTAMP(3), CURRENT_TIMESTAMP(3)),
    (5, '引体向上杆', 'both', '用于引体向上、悬垂举腿等动作', 1, CURRENT_TIMESTAMP(3), CURRENT_TIMESTAMP(3)),
    (6, '拉力器', 'gym', '用于下压、夹胸、面拉等动作', 1, CURRENT_TIMESTAMP(3), CURRENT_TIMESTAMP(3)),
    (7, '史密斯机', 'gym', '适用于稳定轨迹推举或深蹲', 1, CURRENT_TIMESTAMP(3), CURRENT_TIMESTAMP(3)),
    (8, '跑步机', 'gym', '适用于跑步和快走', 1, CURRENT_TIMESTAMP(3), CURRENT_TIMESTAMP(3)),
    (9, '椭圆机', 'gym', '适用于低冲击有氧训练', 1, CURRENT_TIMESTAMP(3), CURRENT_TIMESTAMP(3)),
    (10, '动感单车', 'gym', '适用于骑行有氧训练', 1, CURRENT_TIMESTAMP(3), CURRENT_TIMESTAMP(3)),
    (11, '壶铃', 'both', '适用于摆动、深蹲、推举等动作', 1, CURRENT_TIMESTAMP(3), CURRENT_TIMESTAMP(3)),
    (12, '弹力带', 'both', '适用于激活、辅助训练和居家阻力训练', 1, CURRENT_TIMESTAMP(3), CURRENT_TIMESTAMP(3));

INSERT INTO exercises (id, owner_user_id, name, exercise_type, movement_type, video_url, default_unit, calorie_burn_reference, calorie_reference_unit, is_active, created_at, updated_at) VALUES
    (1, NULL, '俯卧撑', 'strength', 'push', NULL, 'reps', 8.00, 'met', 1, CURRENT_TIMESTAMP(3), CURRENT_TIMESTAMP(3)),
    (2, NULL, '平板杠铃卧推', 'strength', 'push', NULL, 'kg', 6.00, 'met', 1, CURRENT_TIMESTAMP(3), CURRENT_TIMESTAMP(3)),
    (3, NULL, '上斜哑铃卧推', 'strength', 'push', NULL, 'kg', 6.00, 'met', 1, CURRENT_TIMESTAMP(3), CURRENT_TIMESTAMP(3)),
    (4, NULL, '绳索夹胸', 'strength', 'push', NULL, 'kg', 5.00, 'met', 1, CURRENT_TIMESTAMP(3), CURRENT_TIMESTAMP(3)),
    (5, NULL, '杠铃肩推', 'strength', 'push', NULL, 'kg', 6.00, 'met', 1, CURRENT_TIMESTAMP(3), CURRENT_TIMESTAMP(3)),
    (6, NULL, '哑铃侧平举', 'strength', 'isolation', NULL, 'kg', 5.00, 'met', 1, CURRENT_TIMESTAMP(3), CURRENT_TIMESTAMP(3)),
    (7, NULL, '绳索下压', 'strength', 'isolation', NULL, 'kg', 4.00, 'met', 1, CURRENT_TIMESTAMP(3), CURRENT_TIMESTAMP(3)),
    (8, NULL, '引体向上', 'strength', 'pull', NULL, 'reps', 8.00, 'met', 1, CURRENT_TIMESTAMP(3), CURRENT_TIMESTAMP(3)),
    (9, NULL, '高位下拉', 'strength', 'pull', NULL, 'kg', 5.00, 'met', 1, CURRENT_TIMESTAMP(3), CURRENT_TIMESTAMP(3)),
    (10, NULL, '坐姿划船', 'strength', 'pull', NULL, 'kg', 5.00, 'met', 1, CURRENT_TIMESTAMP(3), CURRENT_TIMESTAMP(3)),
    (11, NULL, '杠铃划船', 'strength', 'pull', NULL, 'kg', 6.00, 'met', 1, CURRENT_TIMESTAMP(3), CURRENT_TIMESTAMP(3)),
    (12, NULL, '面拉', 'strength', 'isolation', NULL, 'kg', 4.00, 'met', 1, CURRENT_TIMESTAMP(3), CURRENT_TIMESTAMP(3)),
    (13, NULL, '哑铃弯举', 'strength', 'isolation', NULL, 'kg', 4.00, 'met', 1, CURRENT_TIMESTAMP(3), CURRENT_TIMESTAMP(3)),
    (14, NULL, '杠铃深蹲', 'strength', 'legs', NULL, 'kg', 7.00, 'met', 1, CURRENT_TIMESTAMP(3), CURRENT_TIMESTAMP(3)),
    (15, NULL, '腿举', 'strength', 'legs', NULL, 'kg', 6.00, 'met', 1, CURRENT_TIMESTAMP(3), CURRENT_TIMESTAMP(3)),
    (16, NULL, '罗马尼亚硬拉', 'strength', 'hinge', NULL, 'kg', 6.00, 'met', 1, CURRENT_TIMESTAMP(3), CURRENT_TIMESTAMP(3)),
    (17, NULL, '箭步蹲', 'strength', 'legs', NULL, 'kg', 6.00, 'met', 1, CURRENT_TIMESTAMP(3), CURRENT_TIMESTAMP(3)),
    (18, NULL, '臀桥', 'strength', 'hinge', NULL, 'kg', 5.00, 'met', 1, CURRENT_TIMESTAMP(3), CURRENT_TIMESTAMP(3)),
    (19, NULL, '坐姿提踵', 'strength', 'isolation', NULL, 'kg', 4.00, 'met', 1, CURRENT_TIMESTAMP(3), CURRENT_TIMESTAMP(3)),
    (20, NULL, '平板支撑', 'strength', 'core', NULL, 'seconds', 3.50, 'met', 1, CURRENT_TIMESTAMP(3), CURRENT_TIMESTAMP(3)),
    (21, NULL, '卷腹', 'strength', 'core', NULL, 'reps', 4.00, 'met', 1, CURRENT_TIMESTAMP(3), CURRENT_TIMESTAMP(3)),
    (22, NULL, '悬垂举腿', 'strength', 'core', NULL, 'reps', 5.00, 'met', 1, CURRENT_TIMESTAMP(3), CURRENT_TIMESTAMP(3)),
    (23, NULL, '跑步', 'cardio', 'cardio', NULL, 'minutes', 9.80, 'met', 1, CURRENT_TIMESTAMP(3), CURRENT_TIMESTAMP(3)),
    (24, NULL, '上坡快走', 'cardio', 'cardio', NULL, 'minutes', 6.50, 'met', 1, CURRENT_TIMESTAMP(3), CURRENT_TIMESTAMP(3)),
    (25, NULL, '椭圆机', 'cardio', 'cardio', NULL, 'minutes', 5.50, 'met', 1, CURRENT_TIMESTAMP(3), CURRENT_TIMESTAMP(3)),
    (26, NULL, '动感单车', 'cardio', 'cardio', NULL, 'minutes', 7.50, 'met', 1, CURRENT_TIMESTAMP(3), CURRENT_TIMESTAMP(3)),
    (27, NULL, '壶铃摆动', 'strength', 'hinge', NULL, 'kg', 8.00, 'met', 1, CURRENT_TIMESTAMP(3), CURRENT_TIMESTAMP(3)),
    (28, NULL, '弹力带拉伸', 'mobility', 'mobility', NULL, 'seconds', 2.50, 'met', 1, CURRENT_TIMESTAMP(3), CURRENT_TIMESTAMP(3)),
    (29, NULL, '仰卧臂屈伸', 'strength', 'isolation', NULL, 'kg', 4.50, 'met', 1, CURRENT_TIMESTAMP(3), CURRENT_TIMESTAMP(3)),
    (30, NULL, '哑铃硬拉', 'strength', 'hinge', NULL, 'kg', 6.00, 'met', 1, CURRENT_TIMESTAMP(3), CURRENT_TIMESTAMP(3));

INSERT INTO exercise_muscles (id, exercise_id, muscle_id, relation_type, sort_order) VALUES
    (1, 1, 3, 'primary', 1),
    (2, 1, 14, 'secondary', 2),
    (3, 1, 10, 'secondary', 3),
    (4, 2, 3, 'primary', 1),
    (5, 2, 14, 'secondary', 2),
    (6, 2, 10, 'secondary', 3),
    (7, 3, 2, 'primary', 1),
    (8, 3, 10, 'secondary', 2),
    (9, 3, 14, 'secondary', 3),
    (10, 4, 3, 'primary', 1),
    (11, 5, 10, 'primary', 1),
    (12, 5, 11, 'secondary', 2),
    (13, 5, 14, 'secondary', 3),
    (14, 6, 11, 'primary', 1),
    (15, 7, 14, 'primary', 1),
    (16, 8, 6, 'primary', 1),
    (17, 8, 13, 'secondary', 2),
    (18, 8, 8, 'secondary', 3),
    (19, 9, 6, 'primary', 1),
    (20, 9, 13, 'secondary', 2),
    (21, 10, 8, 'primary', 1),
    (22, 10, 6, 'secondary', 2),
    (23, 10, 13, 'secondary', 3),
    (24, 11, 6, 'primary', 1),
    (25, 11, 19, 'secondary', 2),
    (26, 11, 13, 'secondary', 3),
    (27, 12, 12, 'primary', 1),
    (28, 12, 7, 'secondary', 2),
    (29, 13, 13, 'primary', 1),
    (30, 14, 24, 'primary', 1),
    (31, 14, 21, 'secondary', 2),
    (32, 14, 19, 'secondary', 3),
    (33, 15, 24, 'primary', 1),
    (34, 16, 25, 'primary', 1),
    (35, 16, 21, 'secondary', 2),
    (36, 16, 19, 'secondary', 3),
    (37, 17, 24, 'primary', 1),
    (38, 17, 21, 'secondary', 2),
    (39, 18, 21, 'primary', 1),
    (40, 18, 25, 'secondary', 2),
    (41, 19, 28, 'primary', 1),
    (42, 20, 17, 'primary', 1),
    (43, 20, 19, 'secondary', 2),
    (44, 21, 17, 'primary', 1),
    (45, 22, 17, 'primary', 1),
    (46, 22, 15, 'secondary', 2),
    (47, 23, 30, 'primary', 1),
    (48, 24, 30, 'primary', 1),
    (49, 24, 28, 'secondary', 2),
    (50, 25, 30, 'primary', 1),
    (51, 26, 30, 'primary', 1),
    (52, 27, 21, 'primary', 1),
    (53, 27, 25, 'secondary', 2),
    (54, 27, 19, 'secondary', 3),
    (55, 28, 10, 'primary', 1),
    (56, 28, 21, 'secondary', 2),
    (57, 29, 14, 'primary', 1),
    (58, 30, 25, 'primary', 1),
    (59, 30, 21, 'secondary', 2),
    (60, 30, 19, 'secondary', 3);

INSERT INTO exercise_equipments (id, exercise_id, equipment_id, requirement_type, sort_order) VALUES
    (1, 1, 1, 'required', 1),
    (2, 2, 3, 'required', 1),
    (3, 2, 4, 'required', 2),
    (4, 3, 2, 'required', 1),
    (5, 3, 4, 'required', 2),
    (6, 4, 6, 'required', 1),
    (7, 5, 3, 'required', 1),
    (8, 6, 2, 'required', 1),
    (9, 7, 6, 'required', 1),
    (10, 8, 5, 'required', 1),
    (11, 9, 6, 'required', 1),
    (12, 10, 6, 'required', 1),
    (13, 11, 3, 'required', 1),
    (14, 12, 6, 'required', 1),
    (15, 13, 2, 'required', 1),
    (16, 14, 3, 'required', 1),
    (17, 14, 7, 'alternative', 2),
    (18, 15, 7, 'required', 1),
    (19, 16, 3, 'required', 1),
    (20, 17, 1, 'required', 1),
    (21, 17, 2, 'optional', 2),
    (22, 18, 1, 'required', 1),
    (23, 18, 3, 'optional', 2),
    (24, 19, 7, 'required', 1),
    (25, 20, 1, 'required', 1),
    (26, 21, 1, 'required', 1),
    (27, 22, 5, 'required', 1),
    (28, 23, 8, 'required', 1),
    (29, 24, 8, 'required', 1),
    (30, 25, 9, 'required', 1),
    (31, 26, 10, 'required', 1),
    (32, 27, 11, 'required', 1),
    (33, 28, 12, 'required', 1),
    (34, 29, 2, 'required', 1),
    (35, 29, 4, 'optional', 2),
    (36, 30, 2, 'required', 1);
